<zimlet name="zimbra-zimlet-rushfile" version="0.0.1" description="Rushfile Zimlet" label="Rushfile Zimlet" zimbraXZimletCompatibleSemVer=">=0.0.1">
	<resource>057a8f37cbd5a05e04f5d0429a9413c2.png</resource>
	<resource>05c7538d5197a252002ee4d6c35583d2.png</resource>
	<resource>5297fd4490f8e8cedbe180a9cc6af1dc.png</resource>
	<resource>d2c44a51b14330117a4131fb6ad0115d.png</resource>
	<include>index.js</include>
	<resource>index.js.map</resource>
	<resource>zimbra-zimlet-rushfile.properties</resource>
</zimlet>